dBroodingTime,dForagingTime,dDeathTime,gtime,pertime_foraging,num_foraging,num_choices,nest_id,dispersal,beta0,beta1,beta2,beta3,beta4,beta5
12,12,12,420.002,0.59375,19,32,354,-5,0,0,0,0,0
12,12,12,4020.01,0.380952,8,21,5671,-5,0,0,0.0366666,-0.0519013,0
12,12,12,5820.01,0.333333,8,24,7822,-5,0,0.0787758,0,0.0380946,0
12,12,12,8640.01,0.453947,69,152,9461,-5,0,0.03658,-0.0169952,0.0426578,0
12,12,12,9180.01,0.407407,11,27,12091,-5,0.00723524,-0.0204384,0.0769179,0.0412164,0
