dBroodingTime,dForagingTime,dDeathTime,gtime,pertime_foraging,num_foraging,num_choices,nest_id,dispersal,beta0,beta1,beta2,beta3,beta4,beta5
20,20,12,4132,0.595238,25,42,3364,-5.04009,-0.0447683,0,0,-0.0224862,0
20,20,12,5272,0.6,15,25,2476,-5,0,0,0,0,0
20,20,12,6292,0.541176,46,85,4318,-4.93479,0,0,0,0.0694532,0
20,20,12,8392,0.466667,14,30,6654,-4.88741,0,0.0156592,-0.0200167,-0.00209949,-0.0910159
20,20,12,8392,0.606061,20,33,6635,-5,0,-0.0275245,0,0,0
20,20,12,8512,0.517857,58,112,5538,-5,-0.0511891,-0.0780836,0,0,0
20,20,12,8872,0.352941,30,85,6209,-4.97765,0,0,0,0.0833768,0
20,20,12,9172,0.44,55,125,5846,-4.85765,0,0,0,0,0
