dBroodingTime,dForagingTime,dDeathTime,gtime,pertime_foraging,num_foraging,num_choices,nest_id,dispersal,beta0,beta1,beta2,beta3,beta4,beta5
12,20,12,1664.01,0.833333,6,8,2441,-5,0,0,0,0,0
12,20,12,2704.01,0.536913,16,39,3027,-5,0,-0.0567581,0,0,0
12,20,12,2808.01,0.636943,20,39,3069,-5,0,0,0.0316124,0,0
12,20,12,5564.01,0.546559,81,193,3476,-4.99173,0,0,0,-0.011583,0
12,20,12,5824.01,0.625,40,80,5256,-5,0,0,0,0,0
12,20,12,7124.01,0.625,3,6,7651,-5,-0.0353929,0,0,-0.0514102,0
12,20,12,7748.01,0.676443,143,257,4322,-5,0.00316607,0,0,0,0
12,20,12,8840.02,0.634391,76,149,7068,-5,0,-0.0124163,-0.0218291,0,0
12,20,12,9204.01,0.627706,87,173,7062,-4.86814,0,0.0389742,0.0367169,-0.0418177,0.0556523
