dBroodingTime,dForagingTime,dDeathTime,gtime,pertime_foraging,num_foraging,num_choices,nest_id,dispersal,beta0,beta1,beta2,beta3,beta4,beta5
12,4,12,936.011,0.147727,13,38,2076,-5,-0.00454544,0,0,0,0
12,4,12,2600.01,0.326923,51,86,4542,-5,0,0,0,0,0
12,4,12,4888.05,0.210526,4,9,9644,-5,0,0,0.0028034,0,0
12,4,12,5200.05,0.246154,96,194,7518,-5.00178,-0.0011284,0,0,0,-0.0032807
12,4,12,6032.02,0.263158,15,29,11517,-5.0025,0,0,0,0,0.003982
12,4,12,6188.02,0.181818,6,15,11957,-5,-0.00125828,-0.00192939,0,0.000242654,-0.00189597
12,4,12,8112.07,0.233184,52,109,14108,-5,0,0,-0.000778543,0,0
12,4,12,8216.07,0.142857,3,9,15733,-5,-0.000601264,-0.00312802,0,-0.0047197,-0.0105654
12,4,12,9932.07,0.157895,9,25,18689,-5.00218,0.00769181,0,0,0,0
