dBroodingTime,dForagingTime,dDeathTime,gtime,pertime_foraging,num_foraging,num_choices,nest_id,dispersal,beta0,beta1,beta2,beta3,beta4,beta5
20,12,12,260.001,0.166667,1,4,1151,-5,0,0,0,0,0
20,12,12,884.003,0.459459,34,58,876,-5,0,0,0,0,0
20,12,12,1040,0.426877,36,65,305,-5,0,0,0,0,0
20,12,12,6448.01,0.46875,25,42,6454,-5.00245,0,-0.050245,0,0.0491527,0.0585721
20,12,12,6604,0.303797,8,19,6907,-5,0.109558,0.0395366,0.0255824,0,0
20,12,12,7072,0.375,4,8,7460,-5,0,0,0,0,-0.101059
