dBroodingTime,dForagingTime,dDeathTime,gtime,pertime_foraging,num_foraging,num_choices,nest_id,dispersal,beta0,beta1,beta2,beta3,beta4,beta5
12,4,12,2444.01,0.3,18,32,4946,-5,0,0,0.00811034,0.000672787,0.0019835
12,4,12,3016.01,0.218487,26,57,5534,-5.00209,0.0204523,0.000172336,0,0,0
12,4,12,3120.01,0.294118,15,27,6208,-5,0,0.00354132,0,0,-0.000288228
12,4,12,3224.01,0.291209,53,96,5500,-5,-0.00489831,0,0,0,0
12,4,12,4420.01,0.270833,39,74,7970,-5.00142,0,-0.00239989,-0.00682703,0.0131985,0
12,4,12,5044.01,0,0,3,10091,-5,0,0.0025162,0.0054716,0.00556793,0
12,4,12,9308.01,0.272727,27,51,17280,-5,-0.00601684,0.00075933,0,0,-0.00187174
