dBroodingTime,dForagingTime,dDeathTime,gtime,pertime_foraging,num_foraging,num_choices,nest_id,dispersal,beta0,beta1,beta2,beta3,beta4,beta5
20,20,12,3352,0.531915,25,47,2743,-5,0,0,0,0,0
20,20,12,6052,0.479866,143,298,1022,-5,0,0,0,0,0
20,20,12,7252,0.488636,43,88,5091,-5,0,0,0,-0.00430549,-0.000543102
20,20,12,7912,0.581395,50,86,5534,-5,-0.0139994,0,0,0,-0.00244791
20,20,12,8692,0.490741,53,108,5786,-5,0,-0.0025499,0,0,0
