dBroodingTime,dForagingTime,dDeathTime,gtime,pertime_foraging,num_foraging,num_choices,nest_id,dispersal,beta0,beta1,beta2,beta3,beta4,beta5
20,20,12,2032,0.458333,11,24,2123,-4.99193,0,0,0,0.00152989,-0.00450604
20,20,12,4372,0.714286,5,7,4176,-5,0,0,0.00400067,0.0173419,0
20,20,12,5212,0.562044,77,137,2810,-5,0,0,0.00400067,0.0137671,0
20,20,12,8692,0.522222,94,180,4761,-5,-0.00465485,0,-0.0107155,0,0
20,20,12,8872,0.438596,25,57,6681,-4.99044,0,-0.00205358,-1.12354e-05,0.00149368,-0.00465942
