dBroodingTime,dForagingTime,dDeathTime,gtime,pertime_foraging,num_foraging,num_choices,nest_id,dispersal,beta0,beta1,beta2,beta3,beta4,beta5
20,12,12,2236,0.461538,10,17,2809,-5.00683,0,0,0,0,0
20,12,12,2912,0.3,15,36,3106,-5,0,0,0,0,0
20,12,12,5044,0.437799,61,108,4025,-4.99107,0,0.00174275,0,0,0.00521626
20,12,12,5772,0.258621,25,68,5161,-5,0.00476486,0,0,-0.00296073,-0.000554886
20,12,12,5980,0.335664,48,105,4888,-5,0,0,0,0.0049271,0
20,12,12,7904,0.321149,41,93,6813,-5,0,0.00308989,0,0,0
20,12,12,8736,0.230769,2,6,8975,-5,0,0,0,0.00883214,0
