dBroodingTime,dForagingTime,dDeathTime,gtime,pertime_foraging,num_foraging,num_choices,nest_id,dispersal,beta0,beta1,beta2,beta3,beta4,beta5
4,20,12,3172,0.789474,3,7,4839,-5.02093,0,0,0,0,0
4,20,12,3692,0.882353,12,20,5180,-5.00273,-0.00756802,0,-0.0523595,0,0
4,20,12,5252,0.779221,12,29,7094,-5,-0.0559246,0.0564481,0.0968175,0,-0.0473103
4,20,12,5408,0.774648,11,27,7325,-5,0,0,0,0.0165397,0
4,20,12,5616,0.735294,5,14,7800,-5,0,0,0,0,0
