dBroodingTime,dForagingTime,dDeathTime,gtime,pertime_foraging,num_foraging,num_choices,nest_id,dispersal,beta0,beta1,beta2,beta3,beta4,beta5
4,20,12,5772.01,0.87766,33,56,7145,-5.00726,0,0,0,0,0
4,20,12,8268,0.827526,95,194,8354,-5,-0.00608964,0,0,0,-0.00153551
4,20,12,8528,0.849057,9,17,11133,-5.00256,0,-0.00892018,0,0,-0.00489349
