dBroodingTime,dForagingTime,dDeathTime,gtime,pertime_foraging,num_foraging,num_choices,nest_id,dispersal,beta0,beta1,beta2,beta3,beta4,beta5
20,12,12,104.002,0.230769,2,6,573,-5,0,0,0,0,0
20,12,12,988.003,0.473684,6,10,1765,-5.03902,0,0,0,0,0
20,12,12,6812.01,0.357798,26,54,6511,-5,0.102267,0,0,-0.0271518,0.00748915
20,12,12,8268.05,0.428571,10,18,8484,-5.03598,0,0,0,0.052577,0
20,12,12,9412.01,0.391892,58,112,8170,-5.00343,0,-0.00380208,0,0,0
