dBroodingTime,dForagingTime,dDeathTime,gtime,pertime_foraging,num_foraging,num_choices,nest_id,dispersal,beta0,beta1,beta2,beta3,beta4,beta5
20,4,12,2080,0.140127,44,98,2004,-5,0,0,0,0,0
20,4,12,2392,0,0,1,3915,-5.00071,0,0.00210106,-0.00926674,0,0
20,4,12,2444,0.186047,40,75,2906,-5,-1.62836e-05,0,0,0.00381948,-0.000917871
20,4,12,2548,0.165354,105,211,99,-5,0,0,0,0,0
20,4,12,4576,0.259259,7,11,6539,-4.99908,0,0,0,0,0
20,4,12,8216,0.0909091,2,6,10978,-5,0,-0.00616094,0,0,-0.00117142
