dBroodingTime,dForagingTime,dDeathTime,gtime,pertime_foraging,num_foraging,num_choices,nest_id,dispersal,beta0,beta1,beta2,beta3,beta4,beta5
4,20,12,3380,0.815972,47,100,1802,-5,0,0,0,0,0
4,20,12,4628,0.888889,8,13,6336,-5.00427,0,0,0,0,0.0032581
4,20,12,4628,0.714286,3,9,6442,-5,0,0.00248901,0,0,0
4,20,12,5876.01,0.784314,32,76,7075,-5.0059,0.0087441,0,0.000462051,0,0
4,20,12,5980.01,0.807453,26,57,7478,-5.00019,0,-0.00763822,0,0.00175617,0
4,20,12,6188.01,0.81464,138,295,4248,-5,-0.00842513,-0.00616921,0,0,0
4,20,12,6500.01,0,0,3,8870,-4.99647,0,0,0,-0.00475085,-0.00491978
4,20,12,6604.01,0.833333,5,10,8865,-5.00086,0,0,0,0,0
4,20,12,9048.01,0.868056,25,44,11366,-5.00147,0,-0.00053424,0.00102841,-0.00562213,0
