dBroodingTime,dForagingTime,dDeathTime,gtime,pertime_foraging,num_foraging,num_choices,nest_id,dispersal,beta0,beta1,beta2,beta3,beta4,beta5
20,12,12,4212,0.285714,12,30,4477,-5,0,0,0.00698655,0.00057761,-0.00611348
20,12,12,4888,0.642857,3,4,5487,-5.00739,0,0,-0.00466898,0,0
20,12,12,5096,0.36,45,93,4367,-5,0,0.00463377,0,-0.00984298,0
