dBroodingTime,dForagingTime,dDeathTime,gtime,pertime_foraging,num_foraging,num_choices,nest_id,dispersal,beta0,beta1,beta2,beta3,beta4,beta5
20,20,12,1132,0.563636,31,55,910,-5,0,0,0,0,0
20,20,12,3532,0.415094,22,53,2773,-4.94387,0,0,0,0,0
20,20,12,5332,0.619565,57,92,3487,-5,0,0,0,-0.0497223,0
20,20,12,7732,0.5,3,6,6541,-5.02792,-0.0311231,0.0194373,0,0.0552916,0
20,20,12,7972,0.333333,1,3,6760,-5.05014,0,-0.0391142,0,0.0793446,-0.0761152
