dBroodingTime,dForagingTime,dDeathTime,gtime,pertime_foraging,num_foraging,num_choices,nest_id,dispersal,beta0,beta1,beta2,beta3,beta4,beta5
4,20,12,780.003,0.769231,28,70,452,-5,0,0,0,0,0
4,20,12,1404,0.833333,44,88,1406,-5,0,0.0106799,0.0178521,0,0
4,20,12,1664,0.909091,6,9,2822,-5,0,0,0,0,0
4,20,12,5304.01,0.789474,3,7,7483,-5.04055,0.147191,0.0771797,-0.0433409,0,0
4,20,12,6500.01,0.782828,31,74,8093,-5,0,0.0747982,0,0,0
4,20,12,7696.01,0.859375,22,40,9902,-5,-0.0448909,0.0179548,-0.117427,-0.0401464,-0.0186419
4,20,12,8684.01,0.792453,42,97,10428,-5.10895,0,0,0,0.0118394,0
