dBroodingTime,dForagingTime,dDeathTime,gtime,pertime_foraging,num_foraging,num_choices,nest_id,dispersal,beta0,beta1,beta2,beta3,beta4,beta5
4,12,12,3276,0.753247,58,115,5193,-5,0,0,0,0,0.00158658
4,12,12,6344,0.692308,15,35,12087,-4.99995,-0.00800269,-0.00434689,0,-0.00110519,0.00997474
4,12,12,8060,0.923077,4,5,15661,-5.00901,0,0.00472463,0,0,0.0199495
4,12,12,8268,0.773438,33,62,15246,-5.00274,0.00199667,-0.0013935,-0.00207061,-0.00341586,0.00292464
4,12,12,9412,0.8,8,14,17511,-4.99447,0.00507395,0,0.00606593,-0.00110519,0
