dBroodingTime,dForagingTime,dDeathTime,gtime,pertime_foraging,num_foraging,num_choices,nest_id,dispersal,beta0,beta1,beta2,beta3,beta4,beta5
20,4,12,1300,0.125,5,12,2401,-5,0,0,0,0,0
20,4,12,2808.01,0.212329,31,54,3745,-5,0,0,0,0,0
20,4,12,3692,0.115385,15,38,4935,-5.02438,0,0,-0.0424504,0.00914061,0
20,4,12,3952,0,0,1,5845,-5,0,0,0,0.0220981,0.00312161
20,4,12,5304,0.237805,39,64,6746,-4.998,0.0408934,0,0,0,0
20,4,12,6656,0.149378,36,77,8049,-4.9236,0.0329306,-0.00608784,-0.0116559,0,0
20,4,12,7072,0.183168,111,210,6772,-5,-0.0177987,0,0,0,0
