dBroodingTime,dForagingTime,dDeathTime,gtime,pertime_foraging,num_foraging,num_choices,nest_id,dispersal,beta0,beta1,beta2,beta3,beta4,beta5
12,4,12,416.002,0.234694,23,48,13,-5,0,0,0,0,0
12,4,12,520.002,0.267717,34,65,736,-5,0,0,0,0,0
12,4,12,1872,0.142857,1,3,4465,-5,0,0,0,0,0
12,4,12,4524,0.181818,10,25,8872,-5,0.00190237,0,0.00773089,0,0
12,4,12,5460,0.240385,75,154,8703,-5,0,0,0,-0.00969138,0.00286775
12,4,12,6188,0.2,21,49,11665,-4.99154,0,0,0,0.00532013,0
12,4,12,8424,0.205882,35,80,15307,-5,0,0,-0.00871586,0.00685496,0
12,4,12,9360,0.186441,11,27,17744,-4.99722,0,0.00946749,0.00563653,-0.00661194,0.0140794
