dBroodingTime,dForagingTime,dDeathTime,gtime,pertime_foraging,num_foraging,num_choices,nest_id,dispersal,beta0,beta1,beta2,beta3,beta4,beta5
12,20,12,1716.01,0.581395,30,66,1598,-5,0,0,0,0,0
12,20,12,2652.01,0.454545,11,33,2955,-5,0,0,0,0,0
12,20,12,3328.02,0.454545,2,6,3927,-5.0043,0,0,0,0,0
12,20,12,4888.01,0.681818,9,16,5239,-5,-0.0523229,0,0,0,0
12,20,12,6240.01,0.61412,127,260,2903,-4.92881,0,0,0,0,0
12,20,12,8372.01,0.666004,134,246,4967,-5,0,0,0,0,0
12,20,12,9152.01,0.672269,48,87,8161,-5,-0.133851,0,0,0.0380185,0
