dBroodingTime,dForagingTime,dDeathTime,gtime,pertime_foraging,num_foraging,num_choices,nest_id,dispersal,beta0,beta1,beta2,beta3,beta4,beta5
4,20,12,2964.01,0.830592,101,204,1603,-5,0,0,0,0,0
4,20,12,3484.01,0,0,2,5253,-5,0.00705706,0,0,0,0
4,20,12,3588.01,0.835735,58,115,3692,-5,0.000485031,0,0.00651223,0,0
4,20,12,5304.03,0.821678,94,196,4672,-5,0,0,0,0,0
4,20,12,6708.03,0.882353,42,70,8126,-5.00524,-0.00550023,-0.000926386,0.00571598,0,-0.00388533
4,20,12,8372.03,0.828025,26,53,10600,-5,-0.00382202,0.00175986,-0.00836247,0,0.00654353
4,20,12,9048.03,0.925926,15,21,11817,-5,0,0.00129175,0.0016384,-0.00266298,0
