dBroodingTime,dForagingTime,dDeathTime,gtime,pertime_foraging,num_foraging,num_choices,nest_id,dispersal,beta0,beta1,beta2,beta3,beta4,beta5
4,20,12,1768,0.842294,47,91,1792,-5,0,0,0,0.0089822,0
4,20,12,2652,0.872093,30,52,3374,-5,0,0,0,0,0
4,20,12,2808,0.859375,44,80,3148,-5,0,0,0,0,0
4,20,12,2964,0.779221,36,87,3496,-5,0,0,0,0,0
4,20,12,2964,0.764706,13,33,4189,-5,0,0,0,0,-0.000313778
4,20,12,4524.01,0.454545,1,7,6503,-4.99789,0,0,0,0,0.00870398
4,20,12,8580.01,0.835544,126,250,7832,-5.00216,0,-0.00100135,0.00741287,0.009334,0
