dBroodingTime,dForagingTime,dDeathTime,gtime,pertime_foraging,num_foraging,num_choices,nest_id,dispersal,beta0,beta1,beta2,beta3,beta4,beta5
12,12,12,960.001,0.475,19,40,1619,-5,0,0,0,0,0
12,12,12,1620,0.426357,55,129,1046,-5,0,0,0,0,0
12,12,12,3720.01,0.471429,33,70,4485,-5.13458,-0.102711,0.00388486,0,0,-0.0357063
12,12,12,4200.01,0.5,23,46,5431,-5,0,0,0,0,0
12,12,12,5100.01,0.666667,2,3,7221,-5,-0.0292161,-0.0378536,0,0,0
12,12,12,5820.01,0.44898,22,49,7411,-4.91515,0,-0.0317714,0,0,0
12,12,12,7200.01,0.545455,30,55,9035,-5,0,-0.0950949,0,-0.0741664,-0.0517042
12,12,12,9540.01,0.5,20,40,12105,-5.01372,0,0,0,0,0
