dBroodingTime,dForagingTime,dDeathTime,gtime,pertime_foraging,num_foraging,num_choices,nest_id,dispersal,beta0,beta1,beta2,beta3,beta4,beta5
20,4,12,988.009,0.21371,53,92,461,-5,0,0,0,0,0
20,4,12,1352,0.191176,13,24,2301,-5,0,0,0,0,0
20,4,12,2444.01,0.141791,19,42,3263,-5,0,0,0,0,0
20,4,12,2652,0.139785,13,29,3671,-5,0,0,0,0,0.00537162
20,4,12,5408.01,0.111111,5,13,7303,-5,0,-0.00357225,-0.0142738,0,0.00318114
20,4,12,5980.01,0.151786,51,108,6562,-5,0.0129832,0.00111138,0,0,0
20,4,12,6604.01,0.153605,98,206,5878,-4.99201,0,0,0.000204079,0,0
