dBroodingTime,dForagingTime,dDeathTime,gtime,pertime_foraging,num_foraging,num_choices,nest_id,dispersal,beta0,beta1,beta2,beta3,beta4,beta5
20,4,12,520.01,0.256198,31,49,1043,-5,0,0,0,0,0
20,4,12,1612,0.193548,24,44,2299,-5,0,0,0,0,0
20,4,12,2652,0.122137,32,78,2854,-5,0,0,0,0,0
20,4,12,3588,0.148148,20,43,4598,-5,0,0,0,0,0
20,4,12,5356,0.173228,154,301,3064,-5,0,0,0,0,0
20,4,12,5512,0.180791,32,61,6736,-5,0,0,0.00345747,0,0
20,4,12,6396,0.189944,68,126,6944,-5,0,0,0,0,0
20,4,12,8580,0.152542,9,19,11047,-5.00509,0,0,0.00301401,0,0
