dBroodingTime,dForagingTime,dDeathTime,gtime,pertime_foraging,num_foraging,num_choices,nest_id,dispersal,beta0,beta1,beta2,beta3,beta4,beta5
20,4,12,1040.01,0.210526,40,70,1284,-5,-0.000475375,0,0,0,0
20,4,12,4784.01,0.2,5,9,6832,-5,-0.00526929,0,0,0,0
20,4,12,7020.01,0.142857,5,11,9238,-5.00875,0,-0.00157394,0,0,0
20,4,12,7488.01,0.230769,21,35,9889,-5.00382,0,0.000802647,0,0.00307798,0
20,4,12,8632.01,0.326923,34,48,11287,-5,0,0,0,-0.00113277,0
20,4,12,9516.03,0.125,10,24,12467,-4.99664,-0.00325517,0,-0.00106008,0.00339043,0
