dBroodingTime,dForagingTime,dDeathTime,gtime,pertime_foraging,num_foraging,num_choices,nest_id,dispersal,beta0,beta1,beta2,beta3,beta4,beta5
20,12,12,3952.01,0.342723,73,157,2320,-5,0,0,0,0,-0.00333436
20,12,12,6968.01,0.485294,11,18,7138,-5,0.00413509,0,-0.0102038,0,0.00348695
20,12,12,8476,0.294872,23,56,7940,-5.00044,-0.00465063,0,0,-0.00466744,0
20,12,12,8944,0.335664,32,70,8157,-4.99464,-0.00233831,0.00197024,0,0,0
20,12,12,9672,0.375,5,10,9762,-4.99955,0,0,-0.00281538,-0.00483031,0.000652376
20,12,12,9672,0.393939,13,25,9572,-5,-0.000123795,-0.0108038,-0.00052901,0,0
