dBroodingTime,dForagingTime,dDeathTime,gtime,pertime_foraging,num_foraging,num_choices,nest_id,dispersal,beta0,beta1,beta2,beta3,beta4,beta5
12,20,12,3692,0.604396,11,23,4053,-5,0,0,0,0.00770396,0
12,20,12,3952,0.724638,30,49,3892,-4.998,0,0.00219683,0,0,0
12,20,12,4420,0.642458,69,133,3082,-5,0,0,0,0,0
12,20,12,9412,0.489691,19,52,8965,-4.99439,0,0.00633334,0,0,-0.0144868
