dBroodingTime,dForagingTime,dDeathTime,gtime,pertime_foraging,num_foraging,num_choices,nest_id,dispersal,beta0,beta1,beta2,beta3,beta4,beta5
12,20,12,104.006,0.833333,3,4,142,-5,0,0,0,0,0
12,20,12,2496.01,0.595238,15,32,2861,-5,0,0,0,0,0.00586976
12,20,12,4732.01,0.585774,28,61,4532,-5,0,0,0,0,0
12,20,12,5824.05,0.661479,34,63,4429,-5,0,0.00387326,0,0,-0.00260915
12,20,12,7176,0.565371,32,73,6676,-5,0,0,0,0.00425118,0
