dBroodingTime,dForagingTime,dDeathTime,gtime,pertime_foraging,num_foraging,num_choices,nest_id,dispersal,beta0,beta1,beta2,beta3,beta4,beta5
12,12,12,2880.01,0.626506,52,83,3282,-5,0.0906645,-0.0255135,0,0,0
12,12,12,3360.01,0.462366,129,279,780,-5,0,0,0,0,0
12,12,12,3840.01,0.714286,10,14,5575,-5,0,0,0.0913199,0,0
12,12,12,4260.01,0.610778,102,167,3731,-5,0,0,-0.0320538,0,0.0031818
12,12,12,5160.01,0.6,3,5,7306,-4.94864,0,0,-0.0433777,0,0.0153159
12,12,12,7080.01,0.5,7,14,9459,-5,-0.00854156,-0.0230275,0,0.00226028,0
12,12,12,8640.01,0.496552,72,145,9420,-5.02012,0,0,0.0590793,0,0
