dBroodingTime,dForagingTime,dDeathTime,gtime,pertime_foraging,num_foraging,num_choices,nest_id,dispersal,beta0,beta1,beta2,beta3,beta4,beta5
20,12,12,3796.01,0.363354,39,80,3318,-5,0,0,0,0,0.00012508
20,12,12,4628.01,0.375,5,10,5232,-5,0,0,0,0,0
20,12,12,4836.01,0.313187,19,44,4878,-5,0,0,0.00945882,0,0
20,12,12,5356.01,0.321429,15,34,5518,-5,0,0.00873406,-0.00286198,0,0
20,12,12,6968.01,0.478528,26,43,6894,-4.99839,0,0,-0.00581333,0.00425391,0
20,12,12,7904.01,0.473684,6,10,8173,-5,0.00227461,0,-0.00353928,0.00159417,-0.000121922
