dBroodingTime,dForagingTime,dDeathTime,gtime,pertime_foraging,num_foraging,num_choices,nest_id,dispersal,beta0,beta1,beta2,beta3,beta4,beta5
4,12,12,3952,0.864407,17,25,7771,-4.99624,0.00194713,0,0,0,0
4,12,12,5876,0.571429,4,13,11590,-5,0,0.00346542,-0.0114367,0.00506799,0
4,12,12,5980,0.659574,31,79,10941,-4.99949,0,-0.00415967,0,0.00280032,0.00554147
4,12,12,9256,0.8,8,14,17752,-4.98762,-0.012957,0.0027393,-0.0126315,0,0
