dBroodingTime,dForagingTime,dDeathTime,gtime,pertime_foraging,num_foraging,num_choices,nest_id,dispersal,beta0,beta1,beta2,beta3,beta4,beta5
4,12,12,572.008,0.713115,29,64,1114,-5,0,0,0,0,0
4,12,12,988.013,0.857143,6,9,2607,-5,0,0,0,0,0
4,12,12,1144.01,0.795181,22,39,2431,-5.00567,0,0,0,0,0
4,12,12,1352.01,0.84,7,11,3182,-5,0,0,0,0,0
4,12,12,2340.02,0.716129,37,81,4076,-5,0,-0.00193872,0,0.0165324,0.00544233
4,12,12,3016.02,0.711111,32,71,5385,-5,0,0,0,0,0
4,12,12,6032.03,0.75,63,126,10082,-5,0,0,0,0,0.00148014
4,12,12,6864.02,0.744186,96,195,10606,-5.00361,0,0,0,0,0
