dBroodingTime,dForagingTime,dDeathTime,gtime,pertime_foraging,num_foraging,num_choices,nest_id,dispersal,beta0,beta1,beta2,beta3,beta4,beta5
12,20,12,780,0.55,11,26,1304,-5,0,0,0,0,0
12,20,12,1664,0.625,10,20,2215,-5,0,0,0,0,0.0380982
12,20,12,2236,0.357143,1,4,3017,-5,-0.036901,0,0,0,0
12,20,12,2756,0.652174,9,17,3284,-5,0.0110197,0,0,0,0
12,20,12,6968.02,0.666667,48,88,6177,-5.04997,0.00193112,0.00175403,0,0.0867721,-0.0435653
