dBroodingTime,dForagingTime,dDeathTime,gtime,pertime_foraging,num_foraging,num_choices,nest_id,dispersal,beta0,beta1,beta2,beta3,beta4,beta5
4,12,12,936.001,0.733333,11,23,2235,-5,0,0,0,0,0
4,12,12,1248,0.784091,69,126,1288,-5,0,0,0,0,0
4,12,12,1352,0.784615,17,31,2904,-5,0,0,0,0,0
4,12,12,2600,0.9,3,4,5555,-4.99834,0,-0.00224958,0,0,0.00456735
4,12,12,7852,0.84,21,33,14860,-5.0043,0.00822122,0,-0.00310992,0,0
