dBroodingTime,dForagingTime,dDeathTime,gtime,pertime_foraging,num_foraging,num_choices,nest_id,dispersal,beta0,beta1,beta2,beta3,beta4,beta5
12,4,12,260,0.142857,1,3,1420,-5,0,0,0,0,0
12,4,12,2444,0.263682,159,307,259,-5,0,0,0,0,0
12,4,12,3744.01,0.240506,19,39,7394,-5,0,0.0734084,-0.0123633,0,0
12,4,12,4420.01,0.300971,31,55,8496,-5,0,-0.00334293,0,0,0
12,4,12,6084.01,0.302326,26,46,11705,-5.06604,0.0819431,-0.0386999,-0.0105903,0,0.0531423
12,4,12,6708.01,0.25,34,68,12472,-4.94397,0,0.00333233,0,0,0.0269526
12,4,12,8320.01,0.235294,12,25,15997,-4.98755,0,0,0,0.00273543,0.070373
