gtime,event,choice_int_avg,choice_int_std,choice_slope_avg,choice_slope_std,dispersal_mean,dispersal_std
0,0,0,0,0,0,-5,0
384.519,1000,0,0,0,0,-5,0
778.622,2000,0,0,0,0,-4.99736,0.0079142
1170.49,3000,0,0,0,0,-4.99726,0.00821237
1549.69,4000,0,0,0,0,-5,0
1921.31,5000,0,0,0,0,-5,0
2323.14,6000,0,0,0,0,-5,0
2709.93,7000,0,0,0,0,-5,0
