dBroodingTime,dForagingTime,dDeathTime,gtime,pertime_foraging,num_foraging,num_choices,nest_id,dispersal,beta0,beta1,beta2,beta3,beta4,beta5
4,20,12,156.01,0.714286,5,15,427,-5,0,0,0,0,0
4,20,12,6500.01,0.714286,1,3,8912,-4.99889,0,0,0.000585149,0,0
4,20,12,8424.04,0.821727,59,123,9582,-5,0,0.00359924,0,0,0.00863059
4,20,12,9360.05,0.847458,10,19,12318,-5,-0.00459883,-0.00626916,0,0,-0.00439074
