dBroodingTime,dForagingTime,dDeathTime,gtime,pertime_foraging,num_foraging,num_choices,nest_id,dispersal,beta0,beta1,beta2,beta3,beta4,beta5
4,12,12,1924,0.666667,16,40,4011,-5,0.00270772,0,0,0,-0.00315524
4,12,12,2756.02,0.796875,17,30,5598,-5.00212,0.00512104,0,-0.00150257,0,0
4,12,12,3016,0.631579,4,11,6398,-5,0,-0.00162165,0,0,0
4,12,12,3952.03,0.705882,4,9,8202,-4.99844,0,3.49845e-05,0,0,-0.00148805
4,12,12,4212.03,0.75,12,24,8470,-5.00254,0,0,0.00127489,0,0
4,12,12,6136.04,0.717949,28,61,11459,-5.0098,-0.00854531,0,0,0,0
4,12,12,6396.04,0.763636,28,54,11984,-5,-0.00336192,0,0.00673843,0.00270307,0
4,12,12,7644.04,0.797872,25,44,14361,-5,0,0,0.00185786,-0.00498555,0
