dBroodingTime,dForagingTime,dDeathTime,gtime,pertime_foraging,num_foraging,num_choices,nest_id,dispersal,beta0,beta1,beta2,beta3,beta4,beta5
12,12,12,360.001,0.37931,11,29,758,-5,0,0,0,0,0
12,12,12,1740,0.542254,77,142,459,-5,0,0,0,0,0
12,12,12,2160,0.425743,43,101,2154,-5,0,0,0,0,0
12,12,12,4500.01,0.495146,51,103,4946,-5.00799,0,0,-0.00271132,0,0
12,12,12,7740.01,0.515152,51,99,8994,-5,-0.00416626,0,0,-0.0129299,0.00545753
12,12,12,9180.03,0,0,1,12268,-5,0.000338256,0,0,-0.000618768,0.00251181
