dBroodingTime,dForagingTime,dDeathTime,gtime,pertime_foraging,num_foraging,num_choices,nest_id,dispersal,beta0,beta1,beta2,beta3,beta4,beta5
20,4,12,1560,0.153846,60,126,872,-5,0,0,0,0,0
20,4,12,5096,0.141791,19,42,6486,-4.99353,0,0,-0.00567467,0,0.0027262
20,4,12,7176,0.159483,37,76,8517,-4.99775,-0.0071809,-0.00314355,-0.00567467,0,0
20,4,12,8164,0.0789474,3,10,10812,-5.00633,0.00161383,0.00516023,0,-0.000166593,-0.00235302
