dBroodingTime,dForagingTime,dDeathTime,gtime,pertime_foraging,num_foraging,num_choices,nest_id,dispersal,beta0,beta1,beta2,beta3,beta4,beta5
20,4,12,208.003,0.148936,7,15,201,-5,0,0,0,0,0
20,4,12,4732,0.207921,21,37,6348,-5,0.0119397,0,0.0635974,-0.10379,0
20,4,12,6968,0.318182,7,10,9509,-5,0,-0.0319917,0,0.0442067,0
20,4,12,7072,0.247788,28,45,9218,-4.98125,0,0,0.0342399,0,0
20,4,12,7904,0.206897,30,53,10109,-5.0706,-0.0589587,-0.0555606,0.0507935,-0.0558566,0
20,4,12,9360,0.210526,12,21,12420,-5,0.0119397,-0.0286043,-0.0499879,0.026741,0
20,4,12,9672,0.121622,18,44,12331,-4.86843,-0.150396,0,0.154914,0,0
