dBroodingTime,dForagingTime,dDeathTime,gtime,pertime_foraging,num_foraging,num_choices,nest_id,dispersal,beta0,beta1,beta2,beta3,beta4,beta5
20,20,12,1972,0.333333,5,15,2155,-5,0,0,0,0,0
20,20,12,4252,0.484375,62,128,2150,-5,0.0889099,0,0,0,0
20,20,12,5392,0.4,2,5,4839,-5,0.0259844,0,0.0255216,0,0
20,20,12,6532,0.5,5,10,5637,-4.92611,-0.0127978,0.0212385,0,0,-0.139629
20,20,12,7072,0.125,1,8,6094,-5,0,0.0207561,0.029784,-0.0120374,0.0231421
20,20,12,8812,0.461538,12,26,7130,-5,-0.0127978,0,0.00180124,0,0
