dBroodingTime,dForagingTime,dDeathTime,gtime,pertime_foraging,num_foraging,num_choices,nest_id,dispersal,beta0,beta1,beta2,beta3,beta4,beta5
12,12,12,4620,0.579545,51,88,5352,-5,0,0,0,0,0
12,12,12,5580,0.35,7,20,7607,-5,0,0.00407736,0,0,0
12,12,12,6660,0.407407,11,27,8797,-5,0,-0.00265059,0,0,3.76101e-05
12,12,12,8040,0.416667,5,12,10732,-5,0,0.0125576,0,0,-0.0102539
12,12,12,8640,0.496296,67,135,9630,-5,0,0,-0.000950973,-0.00553601,0.00275427
12,12,12,9240,0.538462,7,13,12134,-4.99901,-0.00924681,0,0,-0.0010783,0
12,12,12,9360,0.590909,13,22,12146,-5,0.000930044,0.00244189,0.00284159,0,0.00466677
12,12,12,9540,0.421053,24,57,11917,-5,0,0.00212866,0.00393465,-0.00715349,0.010021
