dBroodingTime,dForagingTime,dDeathTime,gtime,pertime_foraging,num_foraging,num_choices,nest_id,dispersal,beta0,beta1,beta2,beta3,beta4,beta5
4,12,12,2496,0.743802,30,61,4609,-5,0,0,-0.00738261,-0.00216836,0
4,12,12,2496,0.785714,22,40,4954,-5.00263,0,0,-0.00454101,0,-0.006235
4,12,12,3484,0.705882,20,45,6790,-4.98569,0,0,0,0.0063753,-0.00884745
4,12,12,3744,0.85,17,26,7499,-5,0,0,0,0,0
4,12,12,4524.02,0.795918,39,69,8278,-5.01361,0,0,0,0,-0.000441672
4,12,12,6760.02,0,0,2,13358,-5.00495,0.00201274,0.00775249,0,0.00656795,-0.0063735
4,12,12,7228.02,0.741935,46,94,12830,-4.9974,0,0,0.00536375,-0.00258474,0
4,12,12,8008.02,0.757576,25,49,14993,-5.00727,0,0,-0.00738261,-0.00335569,-0.00779067
4,12,12,9568.02,0.77665,51,95,17075,-5,0,0.00426509,0.00508093,-0.000938809,-0.00852653
