dBroodingTime,dForagingTime,dDeathTime,gtime,pertime_foraging,num_foraging,num_choices,nest_id,dispersal,beta0,beta1,beta2,beta3,beta4,beta5
20,4,12,780.013,0.158163,31,64,613,-5,0,0,0,0,0
20,4,12,936.002,0.155556,35,73,646,-5,0,0,0,0,0
20,4,12,2756,0.107143,3,8,4213,-5.00999,0,-0.00238206,0,-0.000418958,0
20,4,12,5772.01,0.127517,38,90,6602,-5,0,0,0,0,0.00200172
20,4,12,6292.01,0.157303,28,58,6215,-5,-0.00166492,0,0,0,-0.00752141
