dBroodingTime,dForagingTime,dDeathTime,gtime,pertime_foraging,num_foraging,num_choices,nest_id,dispersal,beta0,beta1,beta2,beta3,beta4,beta5
4,12,12,208,0.75,1,2,1263,-5,0,0,0,0,0
4,12,12,4004.01,0.776786,29,54,7467,-5,0,-0.0156433,0.0204808,-0.0407644,-0.0678659
4,12,12,5200.01,0.695122,19,44,9886,-5.06817,0,-0.0504193,0,0,-0.0440914
4,12,12,6136.01,0.72,30,65,11397,-5.01124,0,0,0.0446032,0,0
4,12,12,6240.01,0.737705,15,31,12054,-4.97725,0,0,0.0306551,0,-0.0622095
4,12,12,6968.01,0.766816,57,109,12144,-5,0,0,-0.107121,0,0
4,12,12,7748.01,0.721925,45,97,13832,-5,0,0,-0.0109509,0.119685,0
4,12,12,8528.01,0.75,2,4,16535,-4.93138,0,0,0.00565642,0,0.0467786
