dBroodingTime,dForagingTime,dDeathTime,gtime,pertime_foraging,num_foraging,num_choices,nest_id,dispersal,beta0,beta1,beta2,beta3,beta4,beta5
4,12,12,3328.01,0.774194,24,45,6244,-5,0,0,0,0,0
4,12,12,5200.01,0.714286,15,33,9968,-5.07164,0,-0.00482687,0.0210812,0.156117,0.0729582
4,12,12,6812.01,0.739336,52,107,11836,-5,0.0362863,0,0,-0.0749992,0
4,12,12,7228.01,0.586957,9,28,13884,-5,0,0.0302396,-0.0247089,-0.060154,-0.0129536
4,12,12,7592.01,0.757895,24,47,14171,-5,0,0,-0.00250042,0.0924243,-0.0165147
4,12,12,9152.01,0.744403,133,270,13770,-5.06088,0,0,0,0.0346604,0
4,12,12,9932.01,0.782609,6,11,18925,-5.03504,0.0131812,-0.00562135,-0.0558211,0.0665738,0.00712593
